GO_F_term	Count	% Proportion
RNA binding	151	3.88
identical protein binding	148	3.80
metal ion binding	102	2.62
ATP binding	101	2.60
DNA binding	91	2.34
zinc ion binding	66	1.70
chromatin binding	62	1.59
protein homodimerization activity	55	1.41
RNA polymerase II cis-regulatory region sequence-specific DNA binding	53	1.36
enzyme binding	50	1.29
protein kinase binding	49	1.26
ubiquitin protein ligase binding	41	1.05
DNA-binding transcription factor activity, RNA polymerase II-specific	40	1.03
mRNA binding	35	0.90
cadherin binding	33	0.85
RNA polymerase II-specific DNA-binding transcription factor binding	33	0.85
protein serine/threonine/tyrosine kinase activity	32	0.82
protein-containing complex binding	32	0.82
protein serine/threonine kinase activity	30	0.77
protein serine kinase activity	29	0.75
protein heterodimerization activity	29	0.75
DNA-binding transcription factor activity	29	0.75
transcription coactivator activity	28	0.72
structural constituent of ribosome	27	0.69
protein domain specific binding	27	0.69
protein C-terminus binding	25	0.64
DNA-binding transcription activator activity, RNA polymerase II-specific	25	0.64
magnesium ion binding	23	0.59
transcription cis-regulatory region binding	23	0.59
protein kinase activity	23	0.59
damaged DNA binding	23	0.59
transcription corepressor activity	22	0.57
histone binding	22	0.57
sequence-specific double-stranded DNA binding	21	0.54
ubiquitin-protein transferase activity	20	0.51
DNA-binding transcription factor binding	20	0.51
single-stranded DNA binding	19	0.49
ATP hydrolysis activity	19	0.49
double-stranded DNA binding	18	0.46
protein N-terminus binding	18	0.46
protein phosphatase binding	18	0.46
calcium ion binding	17	0.44
RNA polymerase II transcription regulatory region sequence-specific DNA binding	16	0.41
sequence-specific DNA binding	15	0.39
histone deacetylase binding	14	0.36
p53 binding	14	0.36
ubiquitin protein ligase activity	13	0.33
ubiquitin binding	13	0.33
microtubule binding	13	0.33
transcription coregulator activity	12	0.31
peptidase activity	12	0.31
promoter-specific chromatin binding	12	0.31
nuclear receptor activity	12	0.31
chaperone binding	12	0.31
protease binding	12	0.31
mRNA 3'-UTR binding	12	0.31
small GTPase binding	12	0.31
DNA-binding transcription repressor activity, RNA polymerase II-specific	12	0.31
beta-catenin binding	11	0.28
transcription corepressor binding	11	0.28
DNA helicase activity	11	0.28
GTPase activator activity	10	0.26
integrin binding	10	0.26
chromatin DNA binding	10	0.26
actin binding	10	0.26
signaling receptor binding	9	0.23
cytokine activity	9	0.23
phosphoprotein binding	9	0.23
GTP binding	9	0.23
nuclear receptor coactivator activity	9	0.23
methylated histone binding	9	0.23
kinase binding	9	0.23
protein kinase C binding	9	0.23
scaffold protein binding	8	0.21
tau protein binding	8	0.21
DNA-directed DNA polymerase activity	8	0.21
protein self-association	8	0.21
transcription coactivator binding	8	0.21
heme binding	8	0.21
threonine-type endopeptidase activity	8	0.21
endopeptidase activity	8	0.21
disordered domain specific binding	8	0.21
nucleotide binding	7	0.18
tubulin binding	7	0.18
unfolded protein binding	7	0.18
endonuclease activity	7	0.18
oxidoreductase activity	7	0.18
protein-macromolecule adaptor activity	7	0.18
RNA polymerase II general transcription initiation factor activity	7	0.18
actin filament binding	7	0.18
SMAD binding	7	0.18
ribosome binding	7	0.18
heparin binding	7	0.18
receptor tyrosine kinase binding	7	0.18
single-stranded RNA binding	7	0.18
RNA polymerase II complex binding	7	0.18
kinase activity	6	0.15
manganese ion binding	6	0.15
protein tyrosine kinase activity	6	0.15
tRNA binding	6	0.15
phosphotyrosine residue binding	6	0.15
iron ion binding	6	0.15
GTPase activity	6	0.15
RNA 7-methylguanosine cap binding	6	0.15
virus receptor activity	6	0.15
ribonucleoprotein complex binding	6	0.15
NAD binding	6	0.15
signaling receptor activity	6	0.15
structural constituent of cytoskeleton	6	0.15
growth factor activity	6	0.15
lipid binding	6	0.15
estrogen receptor binding	6	0.15
methyltransferase activity	5	0.13
SUMO transferase activity	5	0.13
histone demethylase activity	5	0.13
mRNA 5'-UTR binding	5	0.13
NADP binding	5	0.13
protein tyrosine phosphatase activity	5	0.13
phospholipid binding	5	0.13
double-stranded RNA binding	5	0.13
aryl hydrocarbon receptor binding	5	0.13
protein folding chaperone	5	0.13
3'-5' DNA helicase activity	5	0.13
collagen binding	5	0.13
protein serine/threonine phosphatase activity	5	0.13
molecular adaptor activity	5	0.13
lipopolysaccharide binding	5	0.13
flavin adenine dinucleotide binding	5	0.13
RNA polymerase II core promoter sequence-specific DNA binding	5	0.13
heat shock protein binding	5	0.13
ATP-dependent chromatin remodeler activity	5	0.13
R-SMAD binding	5	0.13
sequence-specific mRNA binding	5	0.13
histone acetyltransferase binding	5	0.13
rRNA binding	5	0.13
transcription coregulator binding	5	0.13
GTPase binding	5	0.13
nuclear receptor binding	5	0.13
ATPase binding	5	0.13
RNA polymerase II general transcription initiation factor binding	5	0.13
histone-lysine N-methyltransferase activity	5	0.13
DNA polymerase binding	5	0.13
cysteine-type endopeptidase activity	5	0.13
Hsp90 protein binding	5	0.13
microtubule motor activity	5	0.13
telomeric DNA binding	5	0.13
cis-regulatory region sequence-specific DNA binding	5	0.13
retinoid X receptor binding	4	0.10
chemoattractant activity	4	0.10
FAD binding	4	0.10
beta-tubulin binding	4	0.10
NF-kappaB binding	4	0.10
importin-alpha family protein binding	4	0.10
calcium-dependent protein binding	4	0.10
K63-linked polyubiquitin modification-dependent protein binding	4	0.10
poly(U) RNA binding	4	0.10
metalloaminopeptidase activity	4	0.10
histone acetyltransferase activity	4	0.10
SUMO binding	4	0.10
G-rich strand telomeric DNA binding	4	0.10
snRNA binding	4	0.10
endodeoxyribonuclease activity	4	0.10
RNA cap binding	4	0.10
phosphatase activity	4	0.10
calmodulin binding	4	0.10
telomerase RNA binding	4	0.10
MDM2/MDM4 family protein binding	4	0.10
transcription factor binding	4	0.10
four-way junction helicase activity	4	0.10
nucleotidyltransferase activity	4	0.10
androgen receptor binding	4	0.10
hydrolase activity	4	0.10
cullin family protein binding	4	0.10
four-way junction DNA binding	4	0.10
aminopeptidase activity	4	0.10
enzyme activator activity	4	0.10
protein phosphatase regulator activity	4	0.10
non-membrane spanning protein tyrosine kinase activity	4	0.10
protein dimerization activity	4	0.10
tau-protein kinase activity	4	0.10
helicase activity	4	0.10
serine-type endopeptidase activity	4	0.10
steroid hormone receptor activity	4	0.10
translation regulator activity	4	0.10
NAD+ ADP-ribosyltransferase activity	4	0.10
ubiquitin conjugating enzyme activity	4	0.10
TBP-class protein binding	4	0.10
DNA replication origin binding	4	0.10
ADP binding	4	0.10
Y-form DNA binding	4	0.10
pyridoxal phosphate binding	4	0.10
translation repressor activity, mRNA regulatory element binding	4	0.10
phosphoprotein phosphatase activity	4	0.10
phosphatidylserine binding	4	0.10
U1 snRNA binding	3	0.08
proteasome binding	3	0.08
signaling adaptor activity	3	0.08
phosphatidylinositol binding	3	0.08
ubiquitin ligase inhibitor activity	3	0.08
anaphase-promoting complex binding	3	0.08
histone serine kinase activity	3	0.08
structural molecule activity	3	0.08
protein-lysine N-methyltransferase activity	3	0.08
peptide antigen binding	3	0.08
RNA helicase activity	3	0.08
low-density lipoprotein particle receptor binding	3	0.08
copper ion binding	3	0.08
ATP-dependent activity, acting on DNA	3	0.08
MRF binding	3	0.08
small ribosomal subunit rRNA binding	3	0.08
methyl-CpG binding	3	0.08
nicotinate-nucleotide diphosphorylase (carboxylating) activity	3	0.08
phosphatidylinositol-4,5-bisphosphate binding	3	0.08
ubiquitin-like protein conjugating enzyme binding	3	0.08
S100 protein binding	3	0.08
electron transfer activity	3	0.08
cyclin binding	3	0.08
pre-mRNA binding	3	0.08
peptide binding	3	0.08
histone methyltransferase activity	3	0.08
exonuclease activity	3	0.08
ubiquitin ligase-substrate adaptor activity	3	0.08
thiol-dependent deubiquitinase	3	0.08
oxidoreductase activity, acting on peroxide as acceptor	3	0.08
growth factor binding	3	0.08
double-stranded telomeric DNA binding	3	0.08
potassium ion binding	3	0.08
cytokine binding	3	0.08
folic acid binding	3	0.08
mitogen-activated protein kinase binding	3	0.08
ceramide 1-phosphate binding	3	0.08
peroxidase activity	3	0.08
splicing factor binding	3	0.08
MHC class II protein complex binding	3	0.08
uracil DNA N-glycosylase activity	3	0.08
phosphatidylinositol-4-phosphate binding	3	0.08
RNA polymerase binding	3	0.08
protein tag	3	0.08
cyclin-dependent protein serine/threonine kinase activator activity	3	0.08
G-quadruplex DNA binding	3	0.08
SH3 domain binding	3	0.08
demethylase activity	3	0.08
phosphatidylinositol-3,4,5-trisphosphate binding	3	0.08
bubble DNA binding	3	0.08
supercoiled DNA binding	3	0.08
E-box binding	3	0.08
carbohydrate binding	3	0.08
3'-5'-exoribonuclease activity	3	0.08
lysine-acetylated histone binding	3	0.08
frizzled binding	3	0.08
U4 snRNA binding	3	0.08
RAGE receptor binding	3	0.08
pre-mRNA intronic binding	3	0.08
protein ADP-ribosylase activity	3	0.08
ferrous iron binding	3	0.08
histone deacetylase activity	3	0.08
C2H2 zinc finger domain binding	3	0.08
NADPH binding	3	0.08
transferase activity	3	0.08
RNA methyltransferase activity	3	0.08
translation initiation factor activity	3	0.08
histone methyltransferase activity (H3-K9 specific)	3	0.08
3'-5' exonuclease activity	3	0.08
nucleic acid binding	3	0.08
ATP-dependent DNA/DNA annealing activity	3	0.08
U4atac snRNA binding	3	0.08
steroid binding	3	0.08
cytoskeletal protein binding	3	0.08
SH2 domain binding	3	0.08
tumor necrosis factor receptor binding	3	0.08
death receptor binding	3	0.08
forked DNA-dependent helicase activity	2	0.05
plus-end-directed microtubule motor activity	2	0.05
aspartic-type endopeptidase inhibitor activity	2	0.05
I-SMAD binding	2	0.05
protein deacetylase activity	2	0.05
NEDD8 transferase activity	2	0.05
ubiquitin-like protein ligase binding	2	0.05
ciliary neurotrophic factor receptor binding	2	0.05
U3 snoRNA binding	2	0.05
histone H3-di/monomethyl-lysine-4 FAD-dependent demethylase activity	2	0.05
protein kinase A regulatory subunit binding	2	0.05
voltage-gated calcium channel activity	2	0.05
dynein intermediate chain binding	2	0.05
DNA-directed 5'-3' RNA polymerase activity	2	0.05
ceramide 1-phosphate transfer activity	2	0.05
Hsp70 protein binding	2	0.05
amino acid binding	2	0.05
SUMO ligase activity	2	0.05
poly-pyrimidine tract binding	2	0.05
core promoter sequence-specific DNA binding	2	0.05
histone methyltransferase activity (H3-K4 specific)	2	0.05
retromer complex binding	2	0.05
thioredoxin-disulfide reductase activity	2	0.05
transmembrane receptor protein tyrosine kinase activity	2	0.05
fatty acid binding	2	0.05
RISC complex binding	2	0.05
glutamate binding	2	0.05
AMP binding	2	0.05
oxidative RNA demethylase activity	2	0.05
modified amino acid binding	2	0.05
dipeptidyl-peptidase activity	2	0.05
proline-rich region binding	2	0.05
DNA/DNA annealing activity	2	0.05
[acetyl-CoA carboxylase] kinase activity	2	0.05
superoxide dismutase activity	2	0.05
aminoacylase activity	2	0.05
ubiquitin-ubiquitin ligase activity	2	0.05
endopeptidase inhibitor activity	2	0.05
protein phosphatase 2A binding	2	0.05
cobalt ion binding	2	0.05
pyrimidine-specific mismatch base pair DNA N-glycosylase activity	2	0.05
MutLalpha complex binding	2	0.05
protein kinase A binding	2	0.05
glutathione transferase activity	2	0.05
transmembrane signaling receptor activity	2	0.05
DNA-N1-methyladenine dioxygenase activity	2	0.05
phosphatidylinositol-3-phosphate binding	2	0.05
phospholipase A2 activity	2	0.05
protein kinase A catalytic subunit binding	2	0.05
calcium-dependent protein serine/threonine kinase activity	2	0.05
pre-mRNA 3'-splice site binding	2	0.05
GDP binding	2	0.05
SUMO-specific isopeptidase activity	2	0.05
deacetylase activity	2	0.05
transition metal ion binding	2	0.05
oxidative DNA demethylase activity	2	0.05
HMG box domain binding	2	0.05
cadherin binding involved in cell-cell adhesion	2	0.05
S-adenosyl-L-methionine binding	2	0.05
protein kinase regulator activity	2	0.05
ligase activity	2	0.05
poly(A) binding	2	0.05
extracellular matrix structural constituent	2	0.05
FHA domain binding	2	0.05
14-3-3 protein binding	2	0.05
nuclear import signal receptor activity	2	0.05
cell adhesion molecule binding	2	0.05
peptidyl-prolyl cis-trans isomerase activity	2	0.05
7SK snRNA binding	2	0.05
unmethylated CpG binding	2	0.05
purine nucleobase binding	2	0.05
gamma-tubulin binding	2	0.05
transmembrane transporter binding	2	0.05
P-TEFb complex binding	2	0.05
double-stranded DNA exodeoxyribonuclease activity	2	0.05
chromo shadow domain binding	2	0.05
MAP kinase kinase kinase activity	2	0.05
L-malate dehydrogenase activity	2	0.05
cytoskeletal anchor activity	2	0.05
protein-disulfide reductase (NAD(P)) activity	2	0.05
exoribonuclease activity	2	0.05
complement component C1q complex binding	2	0.05
DNA binding, bending	2	0.05
protein kinase activator activity	2	0.05
heparan sulfate proteoglycan binding	2	0.05
phosphatidylinositol-5-phosphate binding	2	0.05
cytokine receptor activity	2	0.05
TAP binding	2	0.05
mannose binding	2	0.05
protein serine/threonine kinase activator activity	2	0.05
polynucleotide 3'-phosphatase activity	2	0.05
amyloid-beta binding	2	0.05
purine nucleotide binding	2	0.05
nucleoside-triphosphatase activity	2	0.05
mitogen-activated protein kinase kinase binding	2	0.05
armadillo repeat domain binding	2	0.05
telomeric G-quadruplex DNA binding	2	0.05
nucleoside-triphosphate diphosphatase activity	2	0.05
extracellular matrix binding	2	0.05
8-hydroxy-2'-deoxyguanosine DNA binding	2	0.05
laminin binding	2	0.05
retinoic acid binding	2	0.05
cyclin-dependent protein serine/threonine kinase regulator activity	2	0.05
ferric iron binding	2	0.05
death effector domain binding	2	0.05
histone methyltransferase binding	2	0.05
2 iron, 2 sulfur cluster binding	2	0.05
DNA-(apurinic or apyrimidinic site) endonuclease activity	2	0.05
ankyrin binding	2	0.05
apolipoprotein binding	2	0.05
phosphothreonine residue binding	2	0.05
non-membrane spanning protein tyrosine phosphatase activity	2	0.05
acetyltransferase activity	2	0.05
peptidase activator activity	2	0.05
nucleosomal DNA binding	2	0.05
cysteine-type endopeptidase activator activity involved in apoptotic process	2	0.05
NAD+ binding	2	0.05
RNA polymerase II CTD heptapeptide repeat kinase activity	2	0.05
mismatched DNA binding	2	0.05
ephrin receptor binding	2	0.05
glutathione binding	2	0.05
sumo-dependent protein binding	2	0.05
snRNP binding	2	0.05
DNA N-glycosylase activity	2	0.05
histone methyltransferase activity (H3-K36 specific)	2	0.05
histone methyltransferase activity (H3-K27 specific)	2	0.05
protein tyrosine kinase binding	2	0.05
calcium-dependent phospholipase A2 activity	2	0.05
cysteine-type endopeptidase inhibitor activity involved in apoptotic process	2	0.05
serine-type peptidase activity	2	0.05
telomeric D-loop binding	2	0.05
enzyme inhibitor activity	2	0.05
ubiquitin ligase activator activity	2	0.05
calmodulin-dependent protein kinase activity	2	0.05
glutathione oxidoreductase activity	2	0.05
primary miRNA binding	2	0.05
[hydroxymethylglutaryl-CoA reductase (NADPH)] kinase activity	2	0.05
hormone activity	2	0.05
pyruvate dehydrogenase (acetyl-transferring) activity	2	0.05
iron-sulfur cluster binding	2	0.05
U2 snRNA binding	2	0.05
telomeric repeat-containing RNA binding	2	0.05
protein-cysteine methyltransferase activity	2	0.05
DNA end binding	2	0.05
structural constituent of nuclear pore	2	0.05
histone H3-methyl-lysine-9 demethylase activity	2	0.05
coenzyme A binding	2	0.05
cAMP-dependent protein kinase activity	2	0.05
NEDD8 ligase activity	2	0.05
oxygen binding	2	0.05
lysophospholipase activity	2	0.05
S-adenosylmethionine-dependent methyltransferase activity	2	0.05
microtubule plus-end binding	2	0.05
mRNA (2'-O-methyladenosine-N6-)-methyltransferase activity	2	0.05
insulin receptor binding	2	0.05
miRNA binding	2	0.05
RNA-DNA hybrid ribonuclease activity	2	0.05
interleukin-1 receptor binding	2	0.05
AMP-activated protein kinase activity	2	0.05
small protein activating enzyme binding	2	0.05
glucose-6-phosphate isomerase activity	1	0.03
misfolded protein binding	1	0.03
thymidine kinase activity	1	0.03
dGTPase activity	1	0.03
RNA polymerase II C-terminal domain phosphoserine binding	1	0.03
DNA ligase activity	1	0.03
methionine adenosyltransferase activity	1	0.03
carboxy-lyase activity	1	0.03
tRNA demethylase activity	1	0.03
cytosine C-5 DNA demethylase activity	1	0.03
metalloendopeptidase inhibitor activity	1	0.03
5-formyltetrahydrofolate cyclo-ligase activity	1	0.03
ATPase activator activity	1	0.03
inositol tetrakisphosphate 5-kinase activity	1	0.03
cis-trans isomerase activity	1	0.03
ligand-activated transcription factor activity	1	0.03
translation release factor activity, codon specific	1	0.03
protein disulfide isomerase activity	1	0.03
RNA uridylyltransferase activity	1	0.03
G-protein beta-subunit binding	1	0.03
nicotinate phosphoribosyltransferase activity	1	0.03
peptidyl-cysteine S-nitrosylase activity	1	0.03
kynurenine-oxoglutarate transaminase activity	1	0.03
phosphatidylinositol-4,5-bisphosphate 3-kinase activity	1	0.03
cardiolipin binding	1	0.03
immunoglobulin binding	1	0.03
flavonoid binding	1	0.03
CTP synthase activity	1	0.03
adenosylmethionine decarboxylase activity	1	0.03
ATP adenylyltransferase activity	1	0.03
histone H3-di/monomethyl-lysine-9 demethylase activity	1	0.03
mRNA 3'-UTR AU-rich region binding	1	0.03
dopachrome isomerase activity	1	0.03
RNA polymerase II C-terminal domain binding	1	0.03
siRNA binding	1	0.03
glycolipid transfer activity	1	0.03
phospholipase D activity	1	0.03
phosphatase activator activity	1	0.03
molybdopterin-synthase sulfurtransferase activity	1	0.03
5'-3' exodeoxyribonuclease activity	1	0.03
nitrite reductase (NO-forming) activity	1	0.03
kinase inhibitor activity	1	0.03
guanine deaminase activity	1	0.03
inositol monophosphate 3-phosphatase activity	1	0.03
interleukin-5 receptor binding	1	0.03
type 1 angiotensin receptor binding	1	0.03
glycine binding	1	0.03
quercetin 2,3-dioxygenase activity	1	0.03
RNA polymerase III general transcription initiation factor activity	1	0.03
retinal binding	1	0.03
antioxidant activity	1	0.03
cysteine-type endopeptidase activity involved in apoptotic signaling pathway	1	0.03
protein kinase C inhibitor activity	1	0.03
DNA 5'-adenosine monophosphate hydrolase activity	1	0.03
phosphatidylinositol-3,4-bisphosphate binding	1	0.03
thiamine pyrophosphate binding	1	0.03
putrescine binding	1	0.03
histone H3-tri/di-methyl-lysine-27 demethylase activity	1	0.03
ubiquitin-specific protease binding	1	0.03
histone H3-tri/di/monomethyl-lysine-4 demethylase activity	1	0.03
MAP-kinase scaffold activity	1	0.03
cytokine receptor binding	1	0.03
protein-arginine N-methyltransferase activity	1	0.03
ATP citrate synthase activity	1	0.03
calcium-dependent protein kinase C activity	1	0.03
signaling receptor inhibitor activity	1	0.03
flap endonuclease activity	1	0.03
3-methyl-2-oxobutanoate dehydrogenase (2-methylpropanoyl-transferring) activity	1	0.03
protein kinase B binding	1	0.03
geranyltranstransferase activity	1	0.03
F-box domain binding	1	0.03
signaling receptor complex adaptor activity	1	0.03
hydrolase activity, acting on acid anhydrides, in phosphorus-containing anhydrides	1	0.03
8-oxo-dGDP phosphatase activity	1	0.03
glutathione peroxidase activity	1	0.03
tyrosine 3-monooxygenase activator activity	1	0.03
adenylylsulfate kinase activity	1	0.03
adenyl-nucleotide exchange factor activity	1	0.03
phosphatidylinositol kinase activity	1	0.03
glutathione-disulfide reductase (NADPH) activity	1	0.03
JUN kinase kinase kinase activity	1	0.03
hydroxymethylglutaryl-CoA reductase (NADPH) activity	1	0.03
GTPase inhibitor activity	1	0.03
sodium channel inhibitor activity	1	0.03
protein antigen binding	1	0.03
protein histidine kinase activity	1	0.03
isocitrate dehydrogenase (NAD+) activity	1	0.03
ribonucleotide binding	1	0.03
dITP diphosphatase activity	1	0.03
geranial:oxygen oxidoreductase activity	1	0.03
phosphoribosylglycinamide formyltransferase activity	1	0.03
TFIIB-class transcription factor binding	1	0.03
extracellular matrix protein binding	1	0.03
phosphate ion binding	1	0.03
phosphodiesterase activity, acting on 3'-phosphoglycolate-terminated DNA strands	1	0.03
mercury ion binding	1	0.03
carbonyl reductase (NADPH) activity	1	0.03
Ser-tRNA(Ala) hydrolase activity	1	0.03
glyoxalase (glycolic acid-forming) activity	1	0.03
mRNA N6-methyladenosine dioxygenase activity	1	0.03
catalase activity	1	0.03
bis(5'-nucleosyl)-tetraphosphatase (symmetrical) activity	1	0.03
squalene synthase activity	1	0.03
methylenetetrahydrofolate dehydrogenase (NAD+) activity	1	0.03
thioredoxin peroxidase activity	1	0.03
inositol tetrakisphosphate 3-kinase activity	1	0.03
protein O-GlcNAc transferase activity	1	0.03
dihydrolipoyl dehydrogenase activity	1	0.03
phosphodiesterase I activity	1	0.03
heme oxygenase (decyclizing) activity	1	0.03
O-methyltransferase activity	1	0.03
aldehyde oxidase activity	1	0.03
protein phosphatase activator activity	1	0.03
RNA polymerase III type 1 promoter sequence-specific DNA binding	1	0.03
polysome binding	1	0.03
bile acid binding	1	0.03
phosphoric diester hydrolase activity	1	0.03
fibroblast growth factor receptor binding	1	0.03
1-phosphatidylinositol 4-kinase activity	1	0.03
DNA primase activity	1	0.03
protein farnesyltransferase activity	1	0.03
farnesyl-diphosphate farnesyltransferase activity	1	0.03
Toll-like receptor binding	1	0.03
DNA topoisomerase type II (double strand cut, ATP-hydrolyzing) activity	1	0.03
PDZ domain binding	1	0.03
calcium-independent phospholipase A2 activity	1	0.03
actin monomer binding	1	0.03
proteinase activated receptor binding	1	0.03
JUN kinase kinase activity	1	0.03
inositol tetrakisphosphate 6-kinase activity	1	0.03
asparaginase activity	1	0.03
dynactin binding	1	0.03
hypoxanthine phosphoribosyltransferase activity	1	0.03
DNA ligase (ATP) activity	1	0.03
nucleoside diphosphate kinase activity	1	0.03
protein C-terminal leucine carboxyl O-methyltransferase activity	1	0.03
BH3 domain binding	1	0.03
neurexin family protein binding	1	0.03
extracellular matrix constituent conferring elasticity	1	0.03
methylenetetrahydrofolate dehydrogenase [NAD(P)+] activity	1	0.03
adrenergic receptor binding	1	0.03
GDP-dissociation inhibitor activity	1	0.03
leucine binding	1	0.03
bHLH transcription factor binding	1	0.03
ribosomal small subunit binding	1	0.03
NAD+ kinase activity	1	0.03
apolipoprotein A-I receptor binding	1	0.03
NADPH peroxidase activity	1	0.03
isocitrate dehydrogenase (NADP+) activity	1	0.03
sulfate adenylyltransferase (ATP) activity	1	0.03
3'-5' DNA/RNA helicase activity	1	0.03
general transcription initiation factor activity	1	0.03
cysteine-type endopeptidase inhibitor activity	1	0.03
transcription elongation regulator activity	1	0.03
L-leucine:2-oxoglutarate aminotransferase activity	1	0.03
O-acyltransferase activity	1	0.03
RNA stem-loop binding	1	0.03
S-(hydroxymethyl)glutathione dehydrogenase NAD activity	1	0.03
serine racemase activity	1	0.03
acetylcholine receptor binding	1	0.03
histone kinase activity (H3-T11 specific)	1	0.03
beta-N-acetylglucosaminidase activity	1	0.03
5.8S rRNA binding	1	0.03
deoxynucleoside triphosphate hydrolase activity	1	0.03
kininogen binding	1	0.03
N-terminal protein N-methyltransferase activity	1	0.03
malate dehydrogenase (NADP+) activity	1	0.03
U6 snRNA binding	1	0.03
DNA-3'-diphospho-5'-guanosine diphosphatase	1	0.03
tRNA (cytosine-5-)-methyltransferase activity	1	0.03
G/U mismatch-specific uracil-DNA glycosylase activity	1	0.03
heptaldehyde:oxygen oxidoreductase activity	1	0.03
POU domain binding	1	0.03
ubiquitin-protein transferase activator activity	1	0.03
calcitriol binding	1	0.03
G-protein alpha-subunit binding	1	0.03
Rho GDP-dissociation inhibitor activity	1	0.03
RNA polymerase I cis-regulatory region sequence-specific DNA binding	1	0.03
methionine adenosyltransferase regulator activity	1	0.03
DNA strand exchange activity	1	0.03
aminoacyl-tRNA editing activity	1	0.03
pyruvate dehydrogenase (NAD+) activity	1	0.03
phosphatase binding	1	0.03
cell-cell adhesion mediator activity	1	0.03
acetylcholine receptor activator activity	1	0.03
dihydrofolate reductase activity	1	0.03
protein methyltransferase activity	1	0.03
NAD(P)+-protein-arginine ADP-ribosyltransferase activity	1	0.03
retinol binding	1	0.03
TIR domain binding	1	0.03
carbamoyl-phosphate synthase (ammonia) activity	1	0.03
peptidyl-lysine 5-dioxygenase activity	1	0.03
ubiquitin modification-dependent histone binding	1	0.03
histone dopaminyltransferase activity	1	0.03
LBD domain binding	1	0.03
NAD-dependent protein deacetylase activity	1	0.03
histone H3-methyl-arginine-2 demethylase activity	1	0.03
aspartic-type endopeptidase activity	1	0.03
transmembrane receptor protein tyrosine kinase adaptor activity	1	0.03
sodium ion binding	1	0.03
beta-aspartyl-peptidase activity	1	0.03
site-specific endodeoxyribonuclease activity, specific for altered base	1	0.03
cystathionine beta-synthase activity	1	0.03
RING-like zinc finger domain binding	1	0.03
peptide hormone binding	1	0.03
metalloendopeptidase activity	1	0.03
polynucleotide adenylyltransferase activity	1	0.03
ADP-ribose diphosphatase activity	1	0.03
glutathione dehydrogenase (ascorbate) activity	1	0.03
histone deacetylase regulator activity	1	0.03
oxysterol binding	1	0.03
protein-glutamine gamma-glutamyltransferase activity	1	0.03
insulin-like growth factor-activated receptor activity	1	0.03
phosphatidylinositol phospholipase C activity	1	0.03
L-dopa decarboxylase activator activity	1	0.03
acetylglucosaminyltransferase activity	1	0.03
prostaglandin-endoperoxide synthase activity	1	0.03
oxidized pyrimidine DNA binding	1	0.03
protein phosphatase 1 binding	1	0.03
dGTP binding	1	0.03
metallopeptidase activity	1	0.03
cupric ion binding	1	0.03
dimethylallyltranstransferase activity	1	0.03
acetyl-CoA C-acetyltransferase activity	1	0.03
acid phosphatase activity	1	0.03
histone methyltransferase activity (H4-R3 specific)	1	0.03
G protein-coupled receptor activity	1	0.03
15-hydroxyprostaglandin dehydrogenase (NADP+) activity	1	0.03
myo-inositol-1,2,3,4,6-heptakisphosphate 5-kinase activity	1	0.03
molybdopterin cofactor binding	1	0.03
L-aspartate:2-oxoglutarate aminotransferase activity	1	0.03
inositol-1,4,5-trisphosphate 5-phosphatase activity	1	0.03
ion channel inhibitor activity	1	0.03
G-protein beta/gamma-subunit complex binding	1	0.03
receptor serine/threonine kinase binding	1	0.03
heterotrimeric G-protein binding	1	0.03
peptidase inhibitor activity	1	0.03
ferroxidase activity	1	0.03
C-acetyltransferase activity	1	0.03
guanosine phosphorylase activity	1	0.03
inositol-1,4,5-trisphosphate 3-kinase activity	1	0.03
delta14-sterol reductase activity	1	0.03
carbon monoxide binding	1	0.03
vascular endothelial growth factor receptor binding	1	0.03
nicotinamide phosphoribosyltransferase activity	1	0.03
cyanocobalamin reductase (cyanide-eliminating) activity	1	0.03
selenocysteine insertion sequence binding	1	0.03
mitogen-activated protein kinase kinase kinase binding	1	0.03
amylin binding	1	0.03
dinucleotide insertion or deletion binding	1	0.03
methenyltetrahydrofolate cyclohydrolase activity	1	0.03
3',5'-cyclic-nucleotide phosphodiesterase activity	1	0.03
fructose-bisphosphate aldolase activity	1	0.03
5'-3' exonuclease activity	1	0.03
cysteine-type peptidase activity	1	0.03
[protein]-3-O-(N-acetyl-D-glucosaminyl)-L-serine O-N-acetyl-alpha-D-glucosaminase activity	1	0.03
ribosomal large subunit binding	1	0.03
proteoglycan binding	1	0.03
sulfiredoxin activity	1	0.03
phosphoribosylformylglycinamidine cyclo-ligase activity	1	0.03
alcohol dehydrogenase activity, zinc-dependent	1	0.03
centromeric DNA binding	1	0.03
triplex DNA binding	1	0.03
15-hydroxyprostaglandin-D dehydrogenase (NADP+) activity	1	0.03
general transcription initiation factor binding	1	0.03
protein deglycase activity	1	0.03
peroxisome targeting sequence binding	1	0.03
endoribonuclease activity	1	0.03
deoxycytidyl transferase activity	1	0.03
bis(5'-nucleosyl)-tetraphosphatase (asymmetrical) activity	1	0.03
Rho-dependent protein serine/threonine kinase activity	1	0.03
ribonuclease inhibitor activity	1	0.03
phosphatidylinositol-3,5-bisphosphate binding	1	0.03
phosphoserine residue binding	1	0.03
RIG-I binding	1	0.03
S-(hydroxymethyl)glutathione dehydrogenase activity	1	0.03
hyaluronic acid binding	1	0.03
glucocorticoid receptor binding	1	0.03
fibronectin binding	1	0.03
opsonin binding	1	0.03
SHG alpha-glucan phosphorylase activity	1	0.03
protein N-acetylglucosaminyltransferase activity	1	0.03
alanine-tRNA ligase activity	1	0.03
histone pre-mRNA stem-loop binding	1	0.03
RNA polymerase I general transcription initiation factor activity	1	0.03
phosphatidylinositol-3,4-bisphosphate 5-kinase activity	1	0.03
fibroblast growth factor binding	1	0.03
glutamate-ammonia ligase activity	1	0.03
NAD+ nucleosidase activity	1	0.03
glycogen phosphorylase activity	1	0.03
nuclear localization sequence binding	1	0.03
leukotriene-A4 hydrolase activity	1	0.03
MAP kinase activity	1	0.03
type II activin receptor binding	1	0.03
epidermal growth factor binding	1	0.03
serine-type endopeptidase inhibitor activity	1	0.03
3'-flap endonuclease activity	1	0.03
3'-flap-structured DNA binding	1	0.03
NAD-dependent histone deacetylase activity (H3-K9 specific)	1	0.03
translation elongation factor activity	1	0.03
preribosome binding	1	0.03
uroporphyrinogen decarboxylase activity	1	0.03
DNA topoisomerase binding	1	0.03
histone pre-mRNA DCP binding	1	0.03
single-stranded telomeric DNA binding	1	0.03
histone H3-methyl-lysine-4 demethylase activity	1	0.03
phosphatidyl phospholipase B activity	1	0.03
deaminase activity	1	0.03
alpha-actinin binding	1	0.03
nuclease activity	1	0.03
chromatin insulator sequence binding	1	0.03
WD40-repeat domain binding	1	0.03
STAT family protein binding	1	0.03
nitric oxide binding	1	0.03
m7G(5')pppN diphosphatase activity	1	0.03
insulin-like growth factor binding	1	0.03
G protein-coupled receptor binding	1	0.03
protein kinase C activity	1	0.03
phosphoglucomutase activity	1	0.03
RNA-directed 5'-3' RNA polymerase activity	1	0.03
glutamate receptor binding	1	0.03
superoxide dismutase copper chaperone activity	1	0.03
molybdopterin-synthase adenylyltransferase activity	1	0.03
low-density lipoprotein particle binding	1	0.03
chemokine binding	1	0.03
glycolipid binding	1	0.03
8-oxo-GDP phosphatase activity	1	0.03
sulfurtransferase activity	1	0.03
prostaglandin-E2 9-reductase activity	1	0.03
ATP-dependent protein binding	1	0.03
1-phosphatidylinositol-3-kinase regulator activity	1	0.03
sulfate binding	1	0.03
NADP+ binding	1	0.03
3'-5' RNA helicase activity	1	0.03
histone serotonyltransferase activity	1	0.03
satellite DNA binding	1	0.03
polydeoxyribonucleotide 5'-hydroxyl-kinase activity	1	0.03
box C/D RNA binding	1	0.03
5'-flap endonuclease activity	1	0.03
phospholipase C activity	1	0.03
ribonuclease III activity	1	0.03
arginine binding	1	0.03
histone acetyltransferase activity (H4-K16 specific)	1	0.03
protein phosphatase 2B binding	1	0.03
kinetochore binding	1	0.03
minor groove of adenine-thymine-rich DNA binding	1	0.03
lysine-tRNA ligase activity	1	0.03
alpha-1,6-mannosylglycoprotein 6-beta-N-acetylglucosaminyltransferase activity	1	0.03
androgen binding	1	0.03
L-ascorbic acid binding	1	0.03
cytoskeletal motor activity	1	0.03
GDP-mannose 4,6-dehydratase activity	1	0.03
epoxide hydrolase activity	1	0.03
norepinephrine binding	1	0.03
protein-cysteine S-palmitoyltransferase activity	1	0.03
carbamoyl-phosphate synthase (glutamine-hydrolyzing) activity	1	0.03
phosphoglycerate mutase activity	1	0.03
cysteine-type endopeptidase activity involved in apoptotic process	1	0.03
syndecan binding	1	0.03
metalloexopeptidase activity	1	0.03
monosaccharide binding	1	0.03
interleukin-27 receptor activity	1	0.03
structural constituent of eye lens	1	0.03
UDP-glucose 4-epimerase activity	1	0.03
filamin binding	1	0.03
SUMO-specific endopeptidase activity	1	0.03
lysine N-methyltransferase activity	1	0.03
insulin-like growth factor II binding	1	0.03
lithocholic acid receptor activity	1	0.03
epidermal growth factor-activated receptor activity	1	0.03
class II DNA-(apurinic or apyrimidinic site) endonuclease activity	1	0.03
tripeptide aminopeptidase activity	1	0.03
ionotropic glutamate receptor binding	1	0.03
ribonucleoside-diphosphate reductase activity, thioredoxin disulfide as acceptor	1	0.03
beta2-adrenergic receptor activity	1	0.03
protein-L-histidine N-tele-methyltransferase activity	1	0.03
protein tyrosine/threonine phosphatase activity	1	0.03
oxygen sensor activity	1	0.03
glucose binding	1	0.03
L-leucine transaminase activity	1	0.03
beta-lactamase activity	1	0.03
poly(G) binding	1	0.03
very-low-density lipoprotein particle binding	1	0.03
oxidoreductase activity, acting on the CH-CH group of donors	1	0.03
N6-methyladenosine-containing RNA binding	1	0.03
caspase binding	1	0.03
pseudouridine synthase activity	1	0.03
RNA polymerase I core promoter sequence-specific DNA binding	1	0.03
transcription regulator activator activity	1	0.03
single-stranded 3'-5' DNA helicase activity	1	0.03
translation repressor activity	1	0.03
6-phosphofructo-2-kinase activity	1	0.03
peptidyl-proline 3-dioxygenase activity	1	0.03
NADH pyrophosphatase activity	1	0.03
fumarate hydratase activity	1	0.03
oxygen carrier activity	1	0.03
protein-arginine omega-N symmetric methyltransferase activity	1	0.03
phosphorylation-dependent protein binding	1	0.03
tryptophan-tRNA ligase activity	1	0.03
carboxylic ester hydrolase activity	1	0.03
snoRNA binding	1	0.03
NADPH dehydrogenase (quinone) activity	1	0.03
phosphoglycolate phosphatase activity	1	0.03
virion binding	1	0.03
TPR domain binding	1	0.03
translation release factor activity	1	0.03
macrophage colony-stimulating factor receptor binding	1	0.03
L-valine transaminase activity	1	0.03
deoxyuridine phosphorylase activity	1	0.03
GTPase regulator activity	1	0.03
phosphoglycerate dehydrogenase activity	1	0.03
NAD(P)H dehydrogenase (quinone) activity	1	0.03
proline dipeptidase activity	1	0.03
ribonuclease activity	1	0.03
NEDD8 activating enzyme activity	1	0.03
translation activator activity	1	0.03
BMP receptor binding	1	0.03
D-serine ammonia-lyase activity	1	0.03
mRNA (N6-adenosine)-methyltransferase activity	1	0.03
ciliary neurotrophic factor receptor activity	1	0.03
DNA/RNA helicase activity	1	0.03
DNA polymerase processivity factor activity	1	0.03
histone-arginine N-methyltransferase activity	1	0.03
aspartate-tRNA ligase activity	1	0.03
histone decrotonylase activity	1	0.03
DNA-binding transcription activator activity	1	0.03
cytochrome-b5 reductase activity, acting on NAD(P)H	1	0.03
protein serine/threonine kinase binding	1	0.03
exopeptidase activity	1	0.03
endopeptidase activator activity	1	0.03
triphosphoric monoester hydrolase activity	1	0.03
structural constituent of skin epidermis	1	0.03
single-strand break-containing DNA binding	1	0.03
URM1 activating enzyme activity	1	0.03
calcium sensitive guanylate cyclase activator activity	1	0.03
calcium-dependent phospholipid binding	1	0.03
nucleoside binding	1	0.03
protein-glutamine glutaminase activity	1	0.03
SUMO activating enzyme activity	1	0.03
phenylpyruvate tautomerase activity	1	0.03
DNA topoisomerase type I (single strand cut, ATP-independent) activity	1	0.03
transmembrane-ephrin receptor activity	1	0.03
ubiquitin-protein transferase regulator activity	1	0.03
leukemia inhibitory factor receptor activity	1	0.03
TFIIIC-class transcription factor complex binding	1	0.03
dystroglycan binding	1	0.03
NADH dehydrogenase (quinone) activity	1	0.03
fructose-2,6-bisphosphate 2-phosphatase activity	1	0.03
inositol monophosphate 4-phosphatase activity	1	0.03
single-stranded DNA helicase activity	1	0.03
peptide-lysine-N-acetyltransferase activity	1	0.03
PTB domain binding	1	0.03
4 iron, 4 sulfur cluster binding	1	0.03
DEAD/H-box RNA helicase binding	1	0.03
adenosine 5'-monophosphoramidase activity	1	0.03
lithium ion binding	1	0.03
oxidoreductase activity, acting on NAD(P)H, quinone or similar compound as acceptor	1	0.03
phosphopyruvate hydratase activity	1	0.03
netrin receptor binding	1	0.03
thioesterase binding	1	0.03
inositol-1,3,4,5-tetrakisphosphate 5-phosphatase activity	1	0.03
protein tyrosine kinase inhibitor activity	1	0.03
RNA adenylyltransferase activity	1	0.03
BRE binding	1	0.03
pyrimidine nucleotide binding	1	0.03
UDP-N-acetylglucosamine 4-epimerase activity	1	0.03
ankyrin repeat binding	1	0.03
cyclin-dependent protein serine/threonine kinase inhibitor activity	1	0.03
receptor-receptor interaction	1	0.03
ADP-sugar diphosphatase activity	1	0.03
deubiquitinase activity	1	0.03
protein tyrosine/serine/threonine phosphatase activity	1	0.03
alpha-catenin binding	1	0.03
metallocarboxypeptidase activity	1	0.03
DNA-(abasic site) binding	1	0.03
growth hormone receptor binding	1	0.03
cobalamin binding	1	0.03
[protein]-3-O-(N-acetyl-D-glucosaminyl)-L-threonine O-N-acetyl-alpha-D-glucosaminase activity	1	0.03
arylamine N-acetyltransferase activity	1	0.03
RNA polymerase II intronic transcription regulatory region sequence-specific DNA binding	1	0.03
peptide histaminyltransferase activity	1	0.03
orotidine-5'-phosphate decarboxylase activity	1	0.03
estrogen response element binding	1	0.03
dynein light chain binding	1	0.03
protein kinase inhibitor activity	1	0.03
TFIIF-class transcription factor complex binding	1	0.03
inositol-1,4,5-trisphosphate 6-kinase activity	1	0.03
nicotinate-nucleotide adenylyltransferase activity	1	0.03
thyroid hormone binding	1	0.03
retinoic acid-responsive element binding	1	0.03
structural constituent of muscle	1	0.03
gamma-catenin binding	1	0.03
DNA translocase activity	1	0.03
pyruvate kinase activity	1	0.03
purine-nucleoside phosphorylase activity	1	0.03
protein de-2-hydroxyisobutyrylase activity	1	0.03
class I DNA-(apurinic or apyrimidinic site) endonuclease activity	1	0.03
methylarsonate reductase activity	1	0.03
transcription regulator inhibitor activity	1	0.03
inositol monophosphate 1-phosphatase activity	1	0.03
protein phosphatase inhibitor activity	1	0.03
TFIID-class transcription factor complex binding	1	0.03
peptidyl-proline dioxygenase activity	1	0.03
actinin binding	1	0.03
regulatory region RNA binding	1	0.03
aspartic-type peptidase activity	1	0.03
retinoid binding	1	0.03
3',5'-cyclic-AMP phosphodiesterase activity	1	0.03
mitochondrial ribosome binding	1	0.03
laminin receptor activity	1	0.03
LEM domain binding	1	0.03
Lys48-specific deubiquitinase activity	1	0.03
translation termination factor activity	1	0.03
peroxiredoxin activity	1	0.03
apolipoprotein receptor binding	1	0.03
NAD DNA ADP-ribosyltransferase activity	1	0.03
6-pyruvoyltetrahydropterin synthase activity	1	0.03
SUMO polymer binding	1	0.03
C-X-C chemokine binding	1	0.03
AF-2 domain binding	1	0.03
alpha-tubulin binding	1	0.03
orotate phosphoribosyltransferase activity	1	0.03
cyclin-dependent protein serine/threonine kinase activity	1	0.03
palmitoyl-(protein) hydrolase activity	1	0.03
S-(hydroxymethyl)glutathione dehydrogenase NADP activity	1	0.03
RNA polymerase core enzyme binding	1	0.03
growth factor receptor binding	1	0.03
linear polyubiquitin binding	1	0.03
heparan sulfate binding	1	0.03
adenylate cyclase binding	1	0.03
double-stranded DNA 3'-5' exodeoxyribonuclease activity	1	0.03
double-stranded methylated DNA binding	1	0.03
thyroid hormone receptor binding	1	0.03
phosphoglycerate kinase activity	1	0.03
interleukin-11 receptor activity	1	0.03
polyribonucleotide nucleotidyltransferase activity	1	0.03
cAMP-dependent protein kinase regulator activity	1	0.03
coreceptor activity	1	0.03
oxidized purine DNA binding	1	0.03
cysteine-type endopeptidase activity involved in execution phase of apoptosis	1	0.03
inhibin binding	1	0.03
L-isoleucine transaminase activity	1	0.03
L-serine ammonia-lyase activity	1	0.03
keratin filament binding	1	0.03
lithocholic acid binding	1	0.03
chloride ion binding	1	0.03
transforming growth factor beta binding	1	0.03
RNA polymerase III type 3 promoter sequence-specific DNA binding	1	0.03
dUTP diphosphatase activity	1	0.03
DNA/RNA hybrid binding	1	0.03
3'-tyrosyl-DNA phosphodiesterase activity	1	0.03
uridine phosphorylase activity	1	0.03
vitamin binding	1	0.03
[protein]-3-O-(N-acetyl-D-glucosaminyl)-L-serine/L-threonine O-N-acetyl-alpha-D-glucosaminase activity	1	0.03
peptide N-acetyltransferase activity	1	0.03
oligopeptidase activity	1	0.03
eukaryotic initiation factor 4G binding	1	0.03
hyalurononglucosaminidase activity	1	0.03
GAF domain binding	1	0.03
Toll binding	1	0.03
ornithine decarboxylase activity	1	0.03
lamin binding	1	0.03
purine ribonucleoside triphosphate binding	1	0.03
MAP kinase kinase activity	1	0.03
hemi-methylated DNA-binding	1	0.03
GTPase activating protein binding	1	0.03
interleukin-11 binding	1	0.03
formate-tetrahydrofolate ligase activity	1	0.03
tRNA-specific adenosine-34 deaminase activity	1	0.03
oxidoreductase activity, acting on single donors with incorporation of molecular oxygen, incorporation of two atoms of oxygen	1	0.03
peptide noradrenalinyltransferase activity	1	0.03
5'-deoxyribose-5-phosphate lyase activity	1	0.03
guanine phosphoribosyltransferase activity	1	0.03
5S rRNA binding	1	0.03
organic acid binding	1	0.03
3'-5'-exodeoxyribonuclease activity	1	0.03
citrate (Si)-synthase activity	1	0.03
histone H3-methyl-arginine-3 demethylase activity	1	0.03
phosphatidylinositol-4,5-bisphosphate 5-phosphatase activity	1	0.03
co-SMAD binding	1	0.03
K48-linked polyubiquitin modification-dependent protein binding	1	0.03
purine-specific mismatch base pair DNA N-glycosylase activity	1	0.03
translation initiation factor binding	1	0.03
glyceraldehyde-3-phosphate dehydrogenase (NAD+) (phosphorylating) activity	1	0.03
U1 snRNP binding	1	0.03
thiosulfate sulfurtransferase activity	1	0.03
lipid transfer activity	1	0.03
signaling receptor activator activity	1	0.03
protein-disulfide reductase activity	1	0.03
RNA 5'-methyltransferase activity	1	0.03
thymidylate synthase activity	1	0.03
RNA trimethylguanosine synthase activity	1	0.03
protein C-terminal carboxyl O-methyltransferase activity	1	0.03
tumor necrosis factor receptor superfamily binding	1	0.03
bisphosphoglycerate mutase activity	1	0.03
sterol response element binding	1	0.03
U7 snRNA binding	1	0.03
interleukin-18 receptor binding	1	0.03
dTTP diphosphatase activity	1	0.03
fructose binding	1	0.03
phospholipase A2 activator activity	1	0.03
arginine-tRNA ligase activity	1	0.03
crossover junction endodeoxyribonuclease activity	1	0.03
inositol tetrakisphosphate kinase activity	1	0.03
retinoic acid receptor binding	1	0.03
MAP kinase tyrosine/serine/threonine phosphatase activity	1	0.03
fatty-acyl-CoA binding	1	0.03
RNA polymerase III type 2 promoter sequence-specific DNA binding	1	0.03
transketolase activity	1	0.03
thymidine phosphorylase activity	1	0.03
linear malto-oligosaccharide phosphorylase activity	1	0.03
cuprous ion binding	1	0.03
branched-chain-amino-acid transaminase activity	1	0.03
methylenetetrahydrofolate dehydrogenase (NADP+) activity	1	0.03
phosphoribosylamine-glycine ligase activity	1	0.03
very-low-density lipoprotein particle receptor binding	1	0.03
C5L2 anaphylatoxin chemotactic receptor binding	1	0.03
inositol monophosphate phosphatase activity	1	0.03
NAD-dependent histone deacetylase activity	1	0.03
intronic transcription regulatory region sequence-specific DNA binding	1	0.03
potassium channel regulator activity	1	0.03
polyubiquitin modification-dependent protein binding	1	0.03
lyase activity	1	0.03
formaldehyde dehydrogenase activity	1	0.03
hormone binding	1	0.03
threonine racemase activity	1	0.03
sequence-specific single stranded DNA binding	1	0.03
DNA (cytosine-5-)-methyltransferase activity	1	0.03
nicotinamide-nucleotide adenylyltransferase activity	1	0.03
nitric-oxide synthase regulator activity	1	0.03
nucleosome binding	1	0.03
