GO_C_term	Count	% Proportion
nucleus	419	8.46
nucleoplasm	411	8.30
cytosol	393	7.94
cytoplasm	325	6.57
extracellular exosome	179	3.62
membrane	127	2.57
plasma membrane	98	1.98
nucleolus	80	1.62
mitochondrion	70	1.41
protein-containing complex	68	1.37
chromatin	67	1.35
extracellular region	66	1.33
extracellular space	54	1.09
focal adhesion	51	1.03
nuclear body	42	0.85
nuclear speck	41	0.83
intracellular membrane-bounded organelle	39	0.79
Golgi apparatus	38	0.77
perinuclear region of cytoplasm	37	0.75
endoplasmic reticulum	35	0.71
centrosome	30	0.61
ribonucleoprotein complex	29	0.59
cytosolic small ribosomal subunit	29	0.59
ficolin-1-rich granule lumen	26	0.53
secretory granule lumen	26	0.53
chromosome, telomeric region	26	0.53
cytosolic ribosome	26	0.53
mitochondrial matrix	25	0.51
dendrite	23	0.46
endoplasmic reticulum membrane	23	0.46
PML body	22	0.44
synapse	22	0.44
chromosome	22	0.44
Golgi membrane	21	0.42
cell surface	20	0.40
proteasome complex	19	0.38
catalytic step 2 spliceosome	18	0.36
transcription regulator complex	18	0.36
axon	18	0.36
nuclear matrix	17	0.34
spliceosomal complex	16	0.32
nuclear membrane	15	0.30
endosome	15	0.30
lamellipodium	15	0.30
spindle	15	0.30
membrane raft	15	0.30
microtubule	15	0.30
lysosome	14	0.28
kinetochore	14	0.28
ribosome	14	0.28
integral component of membrane	14	0.28
collagen-containing extracellular matrix	14	0.28
proteasome core complex	14	0.28
nuclear envelope	14	0.28
cytoskeleton	14	0.28
fibrillar center	13	0.26
endoplasmic reticulum lumen	13	0.26
site of double-strand break	13	0.26
U2-type precatalytic spliceosome	13	0.26
cytoplasmic ribonucleoprotein granule	13	0.26
cytoplasmic stress granule	13	0.26
RNA polymerase II transcription regulator complex	13	0.26
chromosome, centromeric region	12	0.24
cell junction	12	0.24
neuronal cell body	12	0.24
mitotic spindle	12	0.24
microtubule cytoskeleton	12	0.24
endosome membrane	12	0.24
small ribosomal subunit	11	0.22
ruffle	11	0.22
mitochondrial outer membrane	11	0.22
vesicle	11	0.22
early endosome	11	0.22
neuron projection	11	0.22
U2 snRNP	11	0.22
postsynaptic density	11	0.22
integral component of plasma membrane	11	0.22
anaphase-promoting complex	11	0.22
ruffle membrane	11	0.22
midbody	11	0.22
U2-type spliceosomal complex	10	0.20
P-body	10	0.20
early endosome membrane	10	0.20
glutamatergic synapse	10	0.20
transcription repressor complex	10	0.20
actin cytoskeleton	10	0.20
polysome	9	0.18
receptor complex	9	0.18
apical part of cell	9	0.18
microtubule organizing center	9	0.18
late endosome	9	0.18
spindle pole	9	0.18
U12-type spliceosomal complex	8	0.16
cell-cell junction	8	0.16
lysosomal membrane	8	0.16
transcription factor TFIID complex	8	0.16
replication fork	8	0.16
protein-DNA complex	8	0.16
nuclear pore	8	0.16
tertiary granule lumen	8	0.16
precatalytic spliceosome	7	0.14
intercellular bridge	7	0.14
centriole	7	0.14
adherens junction	7	0.14
blood microparticle	7	0.14
euchromatin	7	0.14
melanosome	7	0.14
proteasome core complex, alpha-subunit complex	7	0.14
azurophil granule lumen	7	0.14
MLL1 complex	7	0.14
external side of plasma membrane	7	0.14
proteasome core complex, beta-subunit complex	7	0.14
histone deacetylase complex	7	0.14
perikaryon	7	0.14
nuclear chromosome	7	0.14
histone acetyltransferase complex	7	0.14
ubiquitin ligase complex	7	0.14
platelet alpha granule lumen	6	0.12
mitochondrial intermembrane space	6	0.12
cell cortex	6	0.12
spindle midzone	6	0.12
nucleotide-activated protein kinase complex	6	0.12
histone methyltransferase complex	6	0.12
SCF ubiquitin ligase complex	6	0.12
phagocytic vesicle membrane	6	0.12
heterochromatin	6	0.12
rough endoplasmic reticulum	6	0.12
ciliary basal body	6	0.12
Sin3 complex	6	0.12
nucleosome	6	0.12
Z disc	6	0.12
PcG protein complex	6	0.12
autophagosome	5	0.10
peroxisome	5	0.10
secretory granule membrane	5	0.10
polysomal ribosome	5	0.10
cytoplasmic vesicle	5	0.10
cell body	5	0.10
nuclear replication fork	5	0.10
extracellular matrix	5	0.10
specific granule lumen	5	0.10
condensed nuclear chromosome	5	0.10
apical plasma membrane	5	0.10
phagocytic vesicle	5	0.10
mitochondrial inner membrane	5	0.10
extracellular vesicle	5	0.10
cell projection	5	0.10
M band	5	0.10
growth cone	4	0.08
Cul4A-RING E3 ubiquitin ligase complex	4	0.08
phagophore assembly site	4	0.08
U2-type catalytic step 2 spliceosome	4	0.08
endocytic vesicle lumen	4	0.08
transcription preinitiation complex	4	0.08
immunological synapse	4	0.08
postsynapse	4	0.08
aggresome	4	0.08
basolateral plasma membrane	4	0.08
basement membrane	4	0.08
cytoplasmic side of plasma membrane	4	0.08
cilium	4	0.08
ER to Golgi transport vesicle membrane	4	0.08
Flemming body	4	0.08
RISC complex	4	0.08
mRNA cap binding complex	4	0.08
axon cytoplasm	4	0.08
cell leading edge	4	0.08
kinesin complex	4	0.08
condensed chromosome	4	0.08
peroxisomal membrane	4	0.08
NuRD complex	4	0.08
DNA repair complex	4	0.08
trans-Golgi network membrane	4	0.08
lamellipodium membrane	4	0.08
ESC/E(Z) complex	4	0.08
bicellular tight junction	4	0.08
lateral plasma membrane	4	0.08
Cajal body	4	0.08
recycling endosome membrane	4	0.08
pericentric heterochromatin	4	0.08
late endosome membrane	4	0.08
dendritic spine	4	0.08
endoplasmic reticulum-Golgi intermediate compartment	4	0.08
sarcolemma	4	0.08
site of DNA damage	4	0.08
cell periphery	4	0.08
PRC1 complex	4	0.08
Schaffer collateral - CA1 synapse	3	0.06
actin filament	3	0.06
nonhomologous end joining complex	3	0.06
nuclear inclusion body	3	0.06
lateral element	3	0.06
trans-Golgi network	3	0.06
sarcomere	3	0.06
paraspeckles	3	0.06
nuclear ubiquitin ligase complex	3	0.06
methylosome	3	0.06
retromer complex	3	0.06
transcription factor TFIIH core complex	3	0.06
telomerase holoenzyme complex	3	0.06
cyclin-dependent protein kinase holoenzyme complex	3	0.06
cytoplasmic microtubule	3	0.06
U1 snRNP	3	0.06
mitotic spindle pole	3	0.06
SAGA complex	3	0.06
aminoacyl-tRNA synthetase multienzyme complex	3	0.06
small nuclear ribonucleoprotein complex	3	0.06
U4/U6 x U5 tri-snRNP complex	3	0.06
recycling endosome	3	0.06
brush border	3	0.06
Atg1/ULK1 kinase complex	3	0.06
integral component of lumenal side of endoplasmic reticulum membrane	3	0.06
nuclear telomere cap complex	3	0.06
NSL complex	3	0.06
protein phosphatase type 2A complex	3	0.06
microvillus membrane	3	0.06
intracellular vesicle	3	0.06
lysosomal lumen	3	0.06
pyruvate dehydrogenase complex	3	0.06
myelin sheath	3	0.06
clathrin-coated endocytic vesicle membrane	3	0.06
caveola	3	0.06
mitochondrial pyruvate dehydrogenase complex	3	0.06
photoreceptor inner segment	3	0.06
TORC2 complex	3	0.06
filopodium	3	0.06
beta-catenin-TCF complex	3	0.06
presynapse	3	0.06
intermediate filament cytoskeleton	3	0.06
Cul5-RING ubiquitin ligase complex	3	0.06
small-subunit processome	3	0.06
alpha DNA polymerase:primase complex	3	0.06
MHC class I protein complex	3	0.06
nuclear pore nuclear basket	3	0.06
cortical actin cytoskeleton	3	0.06
chromosome passenger complex	3	0.06
BRCA1-B complex	3	0.06
CENP-A containing nucleosome	3	0.06
transcription factor TFIIA complex	3	0.06
U2-type prespliceosome	3	0.06
Cul4B-RING E3 ubiquitin ligase complex	3	0.06
BRCA1-A complex	3	0.06
cornified envelope	3	0.06
transcription factor TFIIH holo complex	3	0.06
centriolar satellite	3	0.06
Cul2-RING ubiquitin ligase complex	3	0.06
proteasome regulatory particle, lid subcomplex	2	0.04
nuclear inner membrane	2	0.04
male germ cell nucleus	2	0.04
CD95 death-inducing signaling complex	2	0.04
Wnt signalosome	2	0.04
transcription factor TFTC complex	2	0.04
phagophore assembly site membrane	2	0.04
acrosomal vesicle	2	0.04
nuclear pore outer ring	2	0.04
beta-catenin-TCF7L2 complex	2	0.04
early phagosome	2	0.04
ciliary tip	2	0.04
ripoptosome	2	0.04
male pronucleus	2	0.04
axonal growth cone	2	0.04
autolysosome	2	0.04
podosome	2	0.04
nuclear envelope lumen	2	0.04
extrinsic component of membrane	2	0.04
nuclear pore cytoplasmic filaments	2	0.04
cullin-RING ubiquitin ligase complex	2	0.04
mitochondrial alpha-ketoglutarate dehydrogenase complex	2	0.04
MLL1/2 complex	2	0.04
BRCA1-C complex	2	0.04
DNA replication factor A complex	2	0.04
RNA N6-methyladenosine methyltransferase complex	2	0.04
dendritic growth cone	2	0.04
intercalated disc	2	0.04
platelet alpha granule	2	0.04
pronucleus	2	0.04
Set1C/COMPASS complex	2	0.04
spindle microtubule	2	0.04
DSIF complex	2	0.04
postsynaptic membrane	2	0.04
beta-catenin destruction complex	2	0.04
cleavage furrow	2	0.04
aryl hydrocarbon receptor complex	2	0.04
COPII-coated ER to Golgi transport vesicle	2	0.04
commitment complex	2	0.04
condensed chromosome, centromeric region	2	0.04
NF-kappaB complex	2	0.04
BRCA1-BARD1 complex	2	0.04
TORC1 complex	2	0.04
presynaptic active zone	2	0.04
nuclear periphery	2	0.04
high-density lipoprotein particle	2	0.04
histone H3-K14 acetyltransferase complex	2	0.04
peroxisomal matrix	2	0.04
SWI/SNF complex	2	0.04
MLL3/4 complex	2	0.04
ciliary rootlet	2	0.04
centralspindlin complex	2	0.04
catalytic complex	2	0.04
retromer, cargo-selective complex	2	0.04
zeta DNA polymerase complex	2	0.04
cell projection membrane	2	0.04
UBC13-MMS2 complex	2	0.04
elongin complex	2	0.04
microvillus	2	0.04
Ino80 complex	2	0.04
Cul7-RING ubiquitin ligase complex	2	0.04
mitochondrial nucleoid	2	0.04
shelterin complex	2	0.04
Rb-E2F complex	2	0.04
endodeoxyribonuclease complex	2	0.04
synaptic vesicle	2	0.04
serine/threonine protein kinase complex	2	0.04
serine-type endopeptidase complex	2	0.04
core TFIIH complex portion of holo TFIIH complex	2	0.04
chromosome, subtelomeric region	2	0.04
SUMO ligase complex	2	0.04
U4 snRNP	2	0.04
DNA ligase IV complex	2	0.04
spliceosomal tri-snRNP complex	2	0.04
female pronucleus	2	0.04
transport vesicle	2	0.04
methionine adenosyltransferase complex	2	0.04
U4atac snRNP	2	0.04
endocytic vesicle membrane	2	0.04
smooth endoplasmic reticulum	2	0.04
secretory granule	2	0.04
Holliday junction resolvase complex	2	0.04
alphav-beta3 integrin-HMGB1 complex	2	0.04
death-inducing signaling complex	2	0.04
nuclear outer membrane	2	0.04
microtubule plus-end	2	0.04
clathrin-coated vesicle	2	0.04
Cul4-RING E3 ubiquitin ligase complex	2	0.04
axon terminus	2	0.04
tight junction	2	0.04
endocytic vesicle	2	0.04
chaperone complex	2	0.04
U2AF complex	2	0.04
CD40 receptor complex	2	0.04
SMN-Sm protein complex	2	0.04
neuromuscular junction	2	0.04
mRNA cleavage factor complex	2	0.04
MHC class I peptide loading complex	2	0.04
Cul3-RING ubiquitin ligase complex	2	0.04
axon hillock	2	0.04
delta DNA polymerase complex	2	0.04
filopodium tip	2	0.04
transcription export complex 2	2	0.04
NuA4 histone acetyltransferase complex	2	0.04
RNA cap binding complex	2	0.04
extrinsic component of cytoplasmic side of plasma membrane	2	0.04
dendrite cytoplasm	2	0.04
nuclear cap binding complex	2	0.04
SCAR complex	1	0.02
costamere	1	0.02
MCM complex	1	0.02
integrin complex	1	0.02
growth cone lamellipodium	1	0.02
specific granule membrane	1	0.02
apicolateral plasma membrane	1	0.02
UBC13-UEV1A complex	1	0.02
MHC class II protein complex	1	0.02
cyclin A2-CDK2 complex	1	0.02
oxoglutarate dehydrogenase complex	1	0.02
DNA ligase III-XRCC1 complex	1	0.02
catalase complex	1	0.02
nuclear stress granule	1	0.02
macropinosome	1	0.02
protein kinase CK2 complex	1	0.02
mitochondrial degradosome	1	0.02
ribonucleoside-diphosphate reductase complex	1	0.02
microtubule associated complex	1	0.02
SMAD protein complex	1	0.02
sarcoplasm	1	0.02
axolemma	1	0.02
peripheral region of growth cone	1	0.02
I-kappaB/NF-kappaB complex	1	0.02
cuticular plate	1	0.02
hemoglobin complex	1	0.02
sex chromatin	1	0.02
TRAPPII protein complex	1	0.02
RNA nuclear export complex	1	0.02
oncostatin-M receptor complex	1	0.02
microspike	1	0.02
mRNA cleavage and polyadenylation specificity factor complex	1	0.02
CRD-mediated mRNA stability complex	1	0.02
MOZ/MORF histone acetyltransferase complex	1	0.02
fibrinogen complex	1	0.02
mCRD-mediated mRNA stability complex	1	0.02
Golgi-associated vesicle	1	0.02
intrinsic component of plasma membrane	1	0.02
beta-catenin-ICAT complex	1	0.02
cytosolic proteasome complex	1	0.02
basal plasma membrane	1	0.02
protein farnesyltransferase complex	1	0.02
FACT complex	1	0.02
cortical granule	1	0.02
Golgi lumen	1	0.02
SMN complex	1	0.02
cortical cytoskeleton	1	0.02
flotillin complex	1	0.02
GLI-SUFU complex	1	0.02
sno(s)RNA-containing ribonucleoprotein complex	1	0.02
actomyosin	1	0.02
photoreceptor outer segment	1	0.02
Shc-EGFR complex	1	0.02
glial cell projection	1	0.02
sperm flagellum	1	0.02
epsilon DNA polymerase complex	1	0.02
photoreceptor disc membrane	1	0.02
main axon	1	0.02
early endosome lumen	1	0.02
astrocyte projection	1	0.02
growth cone filopodium	1	0.02
mitochondria-associated endoplasmic reticulum membrane	1	0.02
XY body	1	0.02
transcription factor TFIIK complex	1	0.02
multivesicular body, internal vesicle lumen	1	0.02
T-tubule	1	0.02
TIM23 mitochondrial import inner membrane translocase complex	1	0.02
3M complex	1	0.02
intracellular ferritin complex	1	0.02
Scrib-APC-beta-catenin complex	1	0.02
7SK snRNP	1	0.02
RISC-loading complex	1	0.02
MAML1-RBP-Jkappa- ICN1 complex	1	0.02
serine protease inhibitor complex	1	0.02
basal part of cell	1	0.02
motile cilium	1	0.02
nuclear exosome (RNase complex)	1	0.02
eukaryotic translation initiation factor 3 complex	1	0.02
clathrin-coated endocytic vesicle	1	0.02
extrinsic component of plasma membrane	1	0.02
classical Lewy body	1	0.02
neuron projection terminus	1	0.02
alphav-beta3 integrin-IGF-1-IGF1R complex	1	0.02
acrosomal matrix	1	0.02
interleukin-5 receptor complex	1	0.02
ciliary base	1	0.02
meiotic spindle	1	0.02
perichromatin fibrils	1	0.02
filamentous actin	1	0.02
PCNA complex	1	0.02
Weibel-Palade body	1	0.02
manchette	1	0.02
NLS-dependent protein nuclear import complex	1	0.02
intracellular anatomical structure	1	0.02
periciliary membrane compartment	1	0.02
cell body fiber	1	0.02
chaperonin-containing T-complex	1	0.02
terminal bouton	1	0.02
MSL complex	1	0.02
ATAC complex	1	0.02
RNA polymerase II, holoenzyme	1	0.02
chromatin silencing complex	1	0.02
microprocessor complex	1	0.02
cytoplasmic dynein complex	1	0.02
CMG complex	1	0.02
sperm fibrous sheath	1	0.02
postsynaptic density, intracellular component	1	0.02
transcription factor TFIIF complex	1	0.02
I band	1	0.02
multivesicular body	1	0.02
apoptosome	1	0.02
NELF complex	1	0.02
CCR4-NOT complex	1	0.02
cytoophidium	1	0.02
clathrin-coated pit	1	0.02
intermediate-density lipoprotein particle	1	0.02
PCSK9-LDLR complex	1	0.02
chromatin lock complex	1	0.02
extrinsic component of autophagosome membrane	1	0.02
IRE1-RACK1-PP2A complex	1	0.02
chromocenter	1	0.02
rough endoplasmic reticulum membrane	1	0.02
filopodium membrane	1	0.02
myofibril	1	0.02
photoreceptor connecting cilium	1	0.02
sperm midpiece	1	0.02
mediator complex	1	0.02
integrin alphav-beta8 complex	1	0.02
annulate lamellae	1	0.02
HSP90-CDC37 chaperone complex	1	0.02
cytoplasmic exosome (RNase complex)	1	0.02
trans-Golgi network transport vesicle	1	0.02
Lewy body corona	1	0.02
GAIT complex	1	0.02
classical-complement-pathway C3/C5 convertase complex	1	0.02
hemidesmosome	1	0.02
Golgi transport complex	1	0.02
axoneme	1	0.02
glycogen granule	1	0.02
Lewy body	1	0.02
HFE-transferrin receptor complex	1	0.02
mitotic checkpoint complex	1	0.02
heterotrimeric G-protein complex	1	0.02
fascia adherens	1	0.02
dendritic shaft	1	0.02
DUBm complex	1	0.02
eukaryotic 48S preinitiation complex	1	0.02
haptoglobin-hemoglobin complex	1	0.02
presynaptic membrane	1	0.02
interleukin-6 receptor complex	1	0.02
ciliary neurotrophic factor receptor complex	1	0.02
TRAPPIII protein complex	1	0.02
nuclear RNA export factor complex	1	0.02
MIB complex	1	0.02
survivin complex	1	0.02
sperm head	1	0.02
lipid droplet	1	0.02
ciliary membrane	1	0.02
interleukin-12 receptor complex	1	0.02
Cdc73/Paf1 complex	1	0.02
leading edge membrane	1	0.02
proteasome regulatory particle	1	0.02
angiogenin-PRI complex	1	0.02
RNA polymerase III complex	1	0.02
COPI vesicle coat	1	0.02
VCB complex	1	0.02
chromatoid body	1	0.02
presynaptic active zone cytoplasmic component	1	0.02
U11/U12 snRNP	1	0.02
peptidase complex	1	0.02
endoplasmic reticulum exit site	1	0.02
replisome	1	0.02
PTW/PP1 phosphatase complex	1	0.02
endomembrane system	1	0.02
dynein complex	1	0.02
DNA polymerase complex	1	0.02
spectrin-associated cytoskeleton	1	0.02
endolysosome lumen	1	0.02
dense fibrillar component	1	0.02
amphisome	1	0.02
endosome to plasma membrane transport vesicle	1	0.02
bleb	1	0.02
U5 snRNP	1	0.02
keratin filament	1	0.02
gamma-tubulin large complex	1	0.02
mitochondrial isocitrate dehydrogenase complex (NAD+)	1	0.02
Lewy neurite	1	0.02
eukaryotic translation initiation factor 4F complex	1	0.02
TRAPP complex	1	0.02
extrinsic component of omegasome membrane	1	0.02
ATPase complex	1	0.02
tetraspanin-enriched microdomain	1	0.02
glial cytoplasmic inclusion	1	0.02
mitochondrial membrane	1	0.02
protein phosphatase type 1 complex	1	0.02
TEAD-YAP complex	1	0.02
PCNA-p21 complex	1	0.02
Parkin-FBXW7-Cul1 ubiquitin ligase complex	1	0.02
interleukin-13 receptor complex	1	0.02
uropod	1	0.02
acrosomal membrane	1	0.02
azurophil granule	1	0.02
intermediate filament	1	0.02
Schmidt-Lanterman incisure	1	0.02
stress fiber	1	0.02
inhibin A complex	1	0.02
DNA-dependent protein kinase complex	1	0.02
integrin alphav-beta6 complex	1	0.02
PCSK9-AnxA2 complex	1	0.02
Lewy body core	1	0.02
germinal vesicle	1	0.02
phagocytic vesicle lumen	1	0.02
extrinsic component of phagophore assembly site membrane	1	0.02
phosphatidylinositol 3-kinase complex	1	0.02
endoplasmic reticulum-Golgi intermediate compartment membrane	1	0.02
Rad6-Rad18 complex	1	0.02
inner kinetochore	1	0.02
endolysosome membrane	1	0.02
RecQ family helicase-topoisomerase III complex	1	0.02
DNA-dependent protein kinase-DNA ligase 4 complex	1	0.02
FAR/SIN/STRIPAK complex	1	0.02
endosome lumen	1	0.02
galectin complex	1	0.02
caspase complex	1	0.02
Ragulator complex	1	0.02
CORVET complex	1	0.02
perinucleolar chromocenter	1	0.02
activin responsive factor complex	1	0.02
B-WICH complex	1	0.02
neuron to neuron synapse	1	0.02
vesicle membrane	1	0.02
endoplasmic reticulum quality control compartment	1	0.02
phosphopyruvate hydratase complex	1	0.02
nuclear lamina	1	0.02
CAK-ERCC2 complex	1	0.02
endoribonuclease complex	1	0.02
ribonucleoprotein granule	1	0.02
spindle pole centrosome	1	0.02
extrinsic component of external side of plasma membrane	1	0.02
SMN-Gemin2 complex	1	0.02
transcription export complex	1	0.02
cytoplasmic periphery of the nuclear pore complex	1	0.02
U7 snRNP	1	0.02
plasma membrane raft	1	0.02
perinucleolar compartment	1	0.02
central region of growth cone	1	0.02
vacuole	1	0.02
NURF complex	1	0.02
neuronal dense core vesicle	1	0.02
postsynaptic cytosol	1	0.02
9+2 motile cilium	1	0.02
Atg12-Atg5-Atg16 complex	1	0.02
integrin alphav-beta5 complex	1	0.02
phosphatidylinositol 3-kinase complex, class IA	1	0.02
cortical microtubule cytoskeleton	1	0.02
extrinsic component of endoplasmic reticulum membrane	1	0.02
Ku70:Ku80 complex	1	0.02
peptidase inhibitor complex	1	0.02
microfibril	1	0.02
exosome (RNase complex)	1	0.02
cyclin-dependent protein kinase activating kinase holoenzyme complex	1	0.02
catenin complex	1	0.02
iron-sulfur cluster assembly complex	1	0.02
NF-kappaB p50/p65 complex	1	0.02
dendritic spine head	1	0.02
integrin alphav-beta3 complex	1	0.02
LUBAC complex	1	0.02
cis-Golgi network membrane	1	0.02
excitatory synapse	1	0.02
post-mRNA release spliceosomal complex	1	0.02
CCR4-NOT core complex	1	0.02
HOPS complex	1	0.02
XPC complex	1	0.02
spectrin	1	0.02
eukaryotic 43S preinitiation complex	1	0.02
supraspliceosomal complex	1	0.02
alphav-beta3 integrin-PKCalpha complex	1	0.02
integral component of nuclear inner membrane	1	0.02
translation release factor complex	1	0.02
SUMO activating enzyme complex	1	0.02
pericentriolar material	1	0.02
dense core granule	1	0.02
CAF-1 complex	1	0.02
pseudopodium	1	0.02
platelet alpha granule membrane	1	0.02
cytolytic granule	1	0.02
mitotic spindle astral microtubule end	1	0.02
dense body	1	0.02
nuclear microtubule	1	0.02
SAM complex	1	0.02
perisynaptic space	1	0.02
ESCRT I complex	1	0.02
sarcoplasmic reticulum lumen	1	0.02
amyloid-beta complex	1	0.02
RNA polymerase II, core complex	1	0.02
slit diaphragm	1	0.02
protein N-acetylglucosaminyltransferase complex	1	0.02
histone pre-mRNA 3'end processing complex	1	0.02
inclusion body	1	0.02
catenin-TCF7L2 complex	1	0.02
nuclear origin of replication recognition complex	1	0.02
heteromeric SMAD protein complex	1	0.02
activin A complex	1	0.02
cytoplasmic side of rough endoplasmic reticulum membrane	1	0.02
Gemini of coiled bodies	1	0.02
lipoprotein particle	1	0.02
pICln-Sm protein complex	1	0.02
interphase microtubule organizing center	1	0.02
RSC-type complex	1	0.02
cytoplasmic side of apical plasma membrane	1	0.02
tricarboxylic acid cycle enzyme complex	1	0.02
tubular endosome	1	0.02
interleukin-23 receptor complex	1	0.02
extrinsic component of postsynaptic membrane	1	0.02
cyclin/CDK positive transcription elongation factor complex	1	0.02
GABA-ergic synapse	1	0.02
box C/D RNP complex	1	0.02
phagocytic cup	1	0.02
clathrin coat	1	0.02
PAR polarity complex	1	0.02
nucleolar exosome (RNase complex)	1	0.02
